USE kunming_bus_tour;

INSERT INTO bus_routes (id, number, name, start_stop, end_stop, operation_time, fare, type, color) VALUES
(1, '2路', '昆明站-黄土坡城市文脉线', '昆明站', '黄土坡', '06:00-22:30', '2元', '常规公交', '#2563eb'),
(2, '44路', '昆明站-海埂滇池线', '昆明站', '海埂公园', '06:30-21:30', '2元', '旅游接驳', '#0f766e'),
(3, '73路', '护国桥-海埂公园观鸥线', '护国桥', '海埂公园', '06:20-22:00', '2元', '旅游接驳', '#dc2626'),
(4, 'A1路', '世博园-云南民族村旅游线', '世博园', '云南民族村', '07:00-20:00', '2元', '旅游专线', '#7c3aed'),
(5, '100路', '翠湖高校慢游线', '小西门', '圆通山', '06:30-21:00', '2元', '常规公交', '#ea580c'),
(6, '24路', '昆明站-滇池大观线', '昆明站', '海埂公园', '06:00-21:30', '2元', '常规公交', '#0891b2'),
(7, 'K31路', '昆明南站-斗南花市线', '昆明南站', '斗南花市', '07:00-20:30', '2-5元', '快线接驳', '#16a34a'),
(8, '253路', '官渡古镇-斗南花市线', '官渡古镇', '斗南花市', '06:40-20:30', '2元', '片区接驳', '#be123c'),
(9, '94路', '海埂-西山生态观景线', '海埂公园', '高峣', '07:00-19:30', '2元', '景区接驳', '#4d7c0f'),
(10, '47路', '菊花村-世博园园林线', '菊花村', '世博园', '06:30-21:00', '2元', '常规公交', '#9333ea');

INSERT INTO bus_stops (id, name, lng, lat, district) VALUES
(1, '昆明站', 102.722900, 25.015600, '官渡区'),
(2, '东风广场', 102.721700, 25.040100, '盘龙区'),
(3, '南屏街东口', 102.714800, 25.039300, '五华区'),
(4, '金马坊', 102.710300, 25.034500, '五华区'),
(5, '小西门', 102.700600, 25.042800, '五华区'),
(6, '翠湖东门', 102.707100, 25.048800, '五华区'),
(7, '云南大学', 102.704000, 25.052700, '五华区'),
(8, '建设路', 102.693000, 25.052000, '五华区'),
(9, '黄土坡', 102.662000, 25.058000, '五华区'),
(10, '大观楼', 102.671800, 25.033800, '西山区'),
(11, '海埂公园', 102.668900, 24.965400, '西山区'),
(12, '云南民族村', 102.670500, 24.970500, '西山区'),
(13, '滇池大坝', 102.656500, 24.966000, '西山区'),
(14, '高峣', 102.638000, 24.971000, '西山区'),
(15, '世博园', 102.757200, 25.071200, '盘龙区'),
(16, '白龙寺', 102.755000, 25.058000, '盘龙区'),
(17, '菊花村', 102.737000, 25.022000, '官渡区'),
(18, '官渡古镇', 102.756400, 24.956700, '官渡区'),
(19, '斗南花市', 102.796800, 24.900900, '呈贡区'),
(20, '昆明南站', 102.861000, 24.873000, '呈贡区'),
(21, '圆通山', 102.709000, 25.052500, '五华区'),
(22, '护国桥', 102.719000, 25.041000, '五华区'),
(23, '滇池路口', 102.691000, 25.013000, '西山区'),
(24, '大商汇', 102.701000, 25.004000, '西山区'),
(25, '前兴路公交枢纽', 102.707000, 24.989000, '西山区'),
(26, '云南省博物馆', 102.759000, 24.956000, '官渡区'),
(27, '斗南地铁站', 102.796000, 24.907000, '呈贡区'),
(28, '呈贡广场', 102.800000, 24.889000, '呈贡区');

INSERT INTO tourist_spots (id, name, lng, lat, category, district, rating, heat, intro) VALUES
(1, '翠湖公园', 102.704800, 25.047700, '城市公园', '五华区', 4.8, 92, '昆明主城区代表性公园，适合城市漫游与历史街区联游。'),
(2, '云南大学', 102.704000, 25.052700, '高校人文', '五华区', 4.7, 86, '近代校园建筑与银杏大道形成昆明文旅名片。'),
(3, '南屏街', 102.713400, 25.038900, '商业街区', '五华区', 4.6, 89, '昆明核心商业步行街，餐饮、购物和夜游集中。'),
(4, '金马碧鸡坊', 102.710100, 25.034600, '历史地标', '五华区', 4.6, 87, '昆明城市地标之一，适合作为老街游览节点。'),
(5, '大观公园', 102.671800, 25.033800, '城市公园', '西山区', 4.7, 81, '以大观楼长联和滇池景观闻名。'),
(6, '海埂公园', 102.668900, 24.965400, '滇池景区', '西山区', 4.8, 94, '滇池沿岸热门目的地，冬季观鸥热度高。'),
(7, '云南民族村', 102.669700, 24.971300, '民族文化', '西山区', 4.7, 90, '集中展示云南多民族建筑、节庆与民俗文化。'),
(8, '滇池大坝', 102.656500, 24.966000, '生态景观', '西山区', 4.8, 95, '滇池观景与红嘴鸥季核心空间。'),
(9, '世博园', 102.757200, 25.071200, '园林展区', '盘龙区', 4.5, 76, '昆明世界园艺博览园，适合家庭与研学游。'),
(10, '官渡古镇', 102.756400, 24.956700, '历史街区', '官渡区', 4.6, 83, '保留老昆明街巷风貌和非遗小吃。'),
(11, '斗南花市', 102.796800, 24.900900, '特色市场', '呈贡区', 4.7, 88, '亚洲知名鲜切花交易市场，夜间交易场景独特。'),
(12, '西山风景区', 102.625000, 24.960500, '山地景区', '西山区', 4.8, 85, '俯瞰滇池与昆明城的经典登山观景线路。');

INSERT INTO route_stops (route_id, stop_id, sequence) VALUES
(1, 1, 1), (1, 2, 2), (1, 3, 3), (1, 4, 4), (1, 5, 5), (1, 6, 6), (1, 7, 7), (1, 8, 8), (1, 9, 9),
(2, 1, 1), (2, 24, 2), (2, 25, 3), (2, 23, 4), (2, 12, 5), (2, 11, 6), (2, 13, 7),
(3, 22, 1), (3, 3, 2), (3, 4, 3), (3, 23, 4), (3, 12, 5), (3, 11, 6),
(4, 15, 1), (4, 16, 2), (4, 2, 3), (4, 3, 4), (4, 4, 5), (4, 23, 6), (4, 12, 7),
(5, 5, 1), (5, 6, 2), (5, 7, 3), (5, 21, 4), (5, 2, 5),
(6, 1, 1), (6, 24, 2), (6, 10, 3), (6, 23, 4), (6, 12, 5), (6, 11, 6),
(7, 20, 1), (7, 28, 2), (7, 27, 3), (7, 19, 4),
(8, 18, 1), (8, 26, 2), (8, 27, 3), (8, 19, 4),
(9, 11, 1), (9, 13, 2), (9, 14, 3),
(10, 17, 1), (10, 2, 2), (10, 16, 3), (10, 15, 4);

INSERT INTO route_spots (route_id, spot_id) VALUES
(1, 1), (1, 2), (1, 3), (1, 4),
(2, 6), (2, 7), (2, 8),
(3, 3), (3, 4), (3, 6), (3, 7),
(4, 3), (4, 4), (4, 7), (4, 9),
(5, 1), (5, 2), (5, 3),
(6, 5), (6, 6), (6, 7),
(7, 11),
(8, 10), (8, 11),
(9, 6), (9, 8), (9, 12),
(10, 3), (10, 9);

INSERT INTO route_statistics (route_id, stat_date, passenger_flow, punctuality, congestion, heat) VALUES
(1, '2026-05-01', 32800, 91.50, 64, 89),
(2, '2026-05-01', 45200, 88.20, 78, 96),
(3, '2026-05-01', 39800, 89.60, 73, 93),
(4, '2026-05-01', 36500, 90.10, 69, 91),
(5, '2026-05-01', 28600, 92.40, 58, 84),
(6, '2026-05-01', 33400, 90.90, 66, 86),
(7, '2026-05-01', 24700, 93.10, 51, 79),
(8, '2026-05-01', 21800, 92.80, 47, 77),
(9, '2026-05-01', 19600, 90.30, 44, 75),
(10, '2026-05-01', 22600, 91.20, 49, 74);

INSERT INTO collection_samples (route_id, collected_at, speed, passenger_count, load_rate, source) VALUES
(2, NOW() - INTERVAL 8 MINUTE, 28, 51, 78, '车载客流传感器'),
(3, NOW() - INTERVAL 6 MINUTE, 24, 47, 73, 'GPS轨迹终端'),
(4, NOW() - INTERVAL 4 MINUTE, 31, 42, 69, '移动端上报'),
(1, NOW() - INTERVAL 2 MINUTE, 26, 39, 64, '电子站牌');

INSERT INTO admin_users (username, password, role) VALUES
('admin', 'admin123', 'admin'),
('operator', 'operator123', 'operator');
